<?xml version="1.0" encoding="UTF-8" ?>
<items>
<playlist_name>RADIJA</playlist_name>
<all_channels>
    <all_logo></all_logo>
    <all_size></all_size>
    <all_audiotrack_num></all_audiotrack_num>
    <all_buffer></all_buffer>
    <all_timeshift></all_timeshift>
</all_channels>
<category>
	<category_id>1</category_id>
	<category_title>RADIJA</category_title>
</category>	
<channel>
	<title>Lietus</title>
	<stream_url><![CDATA[http://radio.m-1.fm:80/lietus/mp3]]></stream_url> 
	<description><![CDATA[<table><tr><td style="vertical-align: top"><img src="logos/Radio 105 Network.png" height="128" width="128"/></td>Radija</td><td><h1>Radio stotys</h1></td></tr></table>]]></description>
	<category_id>1</category_id>
</channel>
<channel>
	<title>RC</title>
	<stream_url><![CDATA[http://84.46.205.13:80/rc128.mp3]]></stream_url> 
	<description><![CDATA[<table><tr><td style="vertical-align: top"><img src="logos/Radio 105 Network.png" height="128" width="128"/></td>Radija</td><td><h1>Radio stotys</h1></td></tr></table>]]></description>
	<category_id>1</category_id>
</channel>
<channel>
	<title>M-1</title>
	<stream_url><![CDATA[http://radio.m-1.fm:80/m1/mp3]]></stream_url> 	
	<description><![CDATA[<table><tr><td style="vertical-align: top"><img src="logos/Radio 105 Network.png" height="128" width="128"/></td>Radija</td><td><h1>Radio stotys</h1></td></tr></table>]]></description>
	<category_id>1</category_id>
</channel>
<channel>
	<title>M-1 PLIUS</title>
	<stream_url><![CDATA[http://radio.m-1.fm:80/m1plius/mp3]]></stream_url> 	
	<description><![CDATA[<table><tr><td style="vertical-align: top"><img src="logos/Radio 105 Network.png" height="128" width="128"/></td>Radija</td><td><h1>Radio stotys</h1></td></tr></table>]]></description>
	<category_id>1</category_id>
</channel>
<channel>
	<title>RUSKOJE RADIO</title>
	<stream_url><![CDATA[http://5.20.223.18:80/rrb128.mp3]]></stream_url> 
	<description><![CDATA[<table><tr><td style="vertical-align: top"><img src="logos/Radio 105 Network.png" height="128" width="128"/></td>Radija</td><td><h1>Radio stotys</h1></td></tr></table>]]></description>
	<category_id>1</category_id>
</channel>

</items>